{"accuracy":{"0":0.8949422836,"1":0.955920279,"2":0.9652369618,"3":0.9705396891,"4":0.9734427333,"5":0.9756745696,"6":0.9773090482,"7":0.9786515236,"8":0.979896605,"9":0.980769217},"loss":{"0":0.3686691523,"1":0.1535907984,"2":0.1193769872,"3":0.1014723927,"4":0.0900597796,"5":0.081934303,"6":0.075939633,"7":0.0716009513,"8":0.0657795146,"9":0.0632184446},"val_accuracy":{"0":0.9591488838,"1":0.9701167941,"2":0.9740770459,"3":0.9762384295,"4":0.9773660898,"5":0.9789367914,"6":0.9810444117,"7":0.9806014299,"8":0.981782794,"9":0.9831520915},"val_loss":{"0":0.1406495422,"1":0.1034777611,"2":0.0912270546,"3":0.0809872374,"4":0.0774100646,"5":0.0741089508,"6":0.0665105507,"7":0.0688197538,"8":0.0651572645,"9":0.0600143857}}